total_loss,pred_loss,policy_loss,sigreg_loss
0.11154655367136002,0.10164859890937805,1.0522249937057495,0.4948977828025818
0.11662270128726959,0.10697975754737854,43.56986618041992,0.48214733600616455
0.1142817884683609,0.10519018769264221,203.898193359375,0.4545798599720001
